{
  "$schema": "./node_modules/@angular/cli/lib/config/schema.json",
  "project":
  {
    "name": "angular5"
  },
  "apps":
  [{
    "root": "src",
    "outDir": "dist",
    "assets":
    [
      "assets",
      "favicon.ico"
    ],
    "index": "index.html",
    "main": "main.ts",
    "polyfills": "polyfills.ts",
    "test": "test.ts",
    "tsconfig": "tsconfig.app.json",
    "testTsconfig": "tsconfig.spec.json",
    "prefix": "app",
    "styles":
    [
      "assets/css/bootstrap/bootstrap.css",
      "assets/css/bootstrap/bootstrap-grid.css",
      "assets/css/bootstrap/bootstrap-reboot.css",
      "assets/css/themes/minty.css",
      "assets/css/app.css"
    ],
    "scripts":
    [
      "assets/js/jquery.min.js",
      "assets/js/bootstrap.min.js"
    ],
    "environmentSource": "environments/environment.ts",
    "environments":
    {
      "dev": "environments/environment.ts",
      "prod": "environments/environment.prod.ts"
    }
  }],
  "e2e":
  {
    "protractor":
    {
      "config": "./protractor.conf.js"
    }
  },
  "lint":
  [{
    "project": "src/tsconfig.app.json",
    "exclude": "**/node_modules/**"
  },
  {
    "project": "src/tsconfig.spec.json",
    "exclude": "**/node_modules/**"
  },
  {
    "project": "e2e/tsconfig.e2e.json",
    "exclude": "**/node_modules/**"
  }],
  "test":
  {
    "karma":
    {
      "config": "./karma.conf.js"
    }
  },
  "defaults":
  {
    "styleExt": "css",
    "component": {},
    "serve":
    {
      "port": 4444,
      "host": "localhost"
    }
  }
}
